<?xml version='1.0' encoding='utf-8' standalone='yes' ?>
<map>
    <boolean name="allow_remote_dynamite" value="true" />
    <string name="gmp_app_id">1:638132784318:android:32c43dfb4cf3caff8922ef</string>
    <string name="app_instance_id">f6c0d13238bf57558bbad34e286f1977</string>
    <boolean name="has_been_opened" value="true" />
    <long name="first_open_time" value="1771317934654" />
    <boolean name="deferred_analytics_collection" value="false" />
    <boolean name="use_service" value="true" />
    <long name="session_id" value="1771317935" />
    <boolean name="app_backgrounded" value="false" />
    <long name="health_monitor:start" value="1771317935054" />
    <long name="last_pause_time" value="1771318047343" />
    <boolean name="start_new_session" value="false" />
    <string name="previous_os_version">7.1.2</string>
</map>
