<?xml version='1.0' encoding='utf-8' standalone='yes' ?>
<map>
    <long name="fire-global" value="1771317965958" />
    <set name="fire-installations/18.0.0 fire-rc/22.1.0 kotlin/2.0.0 fire-abt/21.1.1 fire-android/25 device-model/sailfish device-name/sailfish fire-core/21.0.0 fire-core-ktx/21.0.0 android-platform/ fire-auth-ktx/23.2.0 fire-transport/19.0.0 fire-sessions/2.0.9 fire-cls/19.4.1 android-target-sdk/34 android-min-sdk/24 fire-auth/23.2.0 fire-perf-ktx/21.0.4 android-installer/com.android.vending fire-analytics-ktx/22.3.0 fire-perf/21.0.4 fire-analytics/22.3.0 device-brand/Google fire-cfg-ktx/22.1.0">
        <string>2026-02-17</string>
    </set>
    <string name="last-used-date">2026-02-17</string>
    <long name="fire-count" value="1" />
</map>
