<?xml version='1.0' encoding='utf-8' standalone='yes' ?>
<map>
    <long name="fetch_timeout_in_seconds" value="60" />
    <long name="last_fetch_time_in_millis" value="1771317940298" />
    <int name="last_fetch_status" value="-1" />
    <string name="last_fetch_etag">etag-638132784318-firebase-fetch--233563409</string>
    <int name="num_failed_fetches" value="0" />
    <long name="last_template_version" value="15" />
    <long name="minimum_fetch_interval_in_seconds" value="120" />
    <long name="backoff_end_time_in_millis" value="-1" />
</map>
